{"cameraMode":{"drawMode":0,"name":"Shaded","section":"Shading Mode"},"sceneLighting":true,"audioPlay":false,"sceneViewState":{"showFog":true,"showMaterialUpdate":false,"showSkybox":true,"showFlares":true,"showImageEffects":true,"showParticleSystems":true},"in2DMode":false,"pivot":{"x":0.19593539834022523,"y":2.7131786346435549,"z":-1.3796820640563965},"rotation":{"x":0.001514233648777008,"y":-0.9981943368911743,"z":0.0578693263232708,"w":0.02564445696771145},"size":0.5852183103561401,"orthographic":false}