{"cameraMode":{"drawMode":0,"name":"Shaded","section":"Shading Mode"},"sceneLighting":false,"audioPlay":false,"sceneViewState":{"showFog":true,"showMaterialUpdate":false,"showSkybox":false,"showFlares":true,"showImageEffects":true,"showParticleSystems":true},"in2DMode":false,"pivot":{"x":0.000007569789886474609,"y":0.2857675850391388,"z":-0.17476871609687806},"rotation":{"x":0.03074067085981369,"y":0.9644559025764465,"z":-0.12954111397266389,"w":0.22906027734279633},"size":1.4825613498687745,"orthographic":false}