{"cameraMode":{"drawMode":0,"name":"Shaded","section":"Shading Mode"},"sceneLighting":true,"audioPlay":false,"sceneViewState":{"showFog":true,"showMaterialUpdate":false,"showSkybox":true,"showFlares":true,"showImageEffects":true,"showParticleSystems":true},"in2DMode":false,"pivot":{"x":0.462896466255188,"y":0.3894747495651245,"z":-0.5103919506072998},"rotation":{"x":-0.11943306773900986,"y":-0.3777889609336853,"z":0.04947129264473915,"w":-0.9170435070991516},"size":2.304291009902954,"orthographic":false}