{"cameraMode":{"drawMode":0,"name":"Shaded","section":"Shading Mode"},"sceneLighting":false,"audioPlay":false,"sceneViewState":{"showFog":true,"showMaterialUpdate":false,"showSkybox":false,"showFlares":true,"showImageEffects":true,"showParticleSystems":true},"in2DMode":false,"pivot":{"x":1406.493896484375,"y":533.7888793945313,"z":-121.30064392089844},"rotation":{"x":-0.10982703417539597,"y":0.23963354527950288,"z":-0.027299992740154268,"w":-0.964259684085846},"size":93.34077453613281,"orthographic":false}