{"cameraMode":{"drawMode":0,"name":"Shaded","section":"Shading Mode"},"sceneLighting":false,"audioPlay":false,"sceneViewState":{"showFog":true,"showMaterialUpdate":false,"showSkybox":false,"showFlares":true,"showImageEffects":true,"showParticleSystems":true},"in2DMode":false,"pivot":{"x":-0.5059511661529541,"y":-0.5700829029083252,"z":0.21338772773742677},"rotation":{"x":-0.10941132158041,"y":0.880672812461853,"z":-0.24802075326442719,"w":-0.38855960965156557},"size":1.5280330181121827,"orthographic":false}