{"cameraMode":{"drawMode":0,"name":"Shaded","section":"Shading Mode"},"sceneLighting":false,"audioPlay":false,"sceneViewState":{"showFog":true,"showMaterialUpdate":false,"showSkybox":false,"showFlares":true,"showImageEffects":true,"showParticleSystems":true},"in2DMode":false,"pivot":{"x":-0.0010339021682739258,"y":-0.001738429069519043,"z":0.03924983739852905},"rotation":{"x":-0.025447821244597436,"y":0.9544253349304199,"z":-0.08527766168117523,"w":-0.28493157029151919},"size":1.9527630805969239,"orthographic":false}