{"cameraMode":{"drawMode":0,"name":"Shaded","section":"Shading Mode"},"sceneLighting":false,"audioPlay":false,"sceneViewState":{"showFog":true,"showMaterialUpdate":false,"showSkybox":false,"showFlares":true,"showImageEffects":true,"showParticleSystems":true},"in2DMode":false,"pivot":{"x":0.0,"y":-0.0008814334869384766,"z":0.04588860273361206},"rotation":{"x":-0.09530460089445114,"y":0.4139345586299896,"z":-0.043635524809360507,"w":-0.9042777419090271},"size":1.5331566333770753,"orthographic":false}