{"cameraMode":{"drawMode":0,"name":"Shaded","section":"Shading Mode"},"sceneLighting":false,"audioPlay":false,"sceneViewState":{"showFog":true,"showMaterialUpdate":false,"showSkybox":false,"showFlares":true,"showImageEffects":true,"showParticleSystems":true},"in2DMode":false,"pivot":{"x":-0.000033855438232421875,"y":0.1052418202161789,"z":0.02725738286972046},"rotation":{"x":-0.3105214238166809,"y":-0.39017200469970705,"z":0.1417691856622696,"w":-0.8552767038345337},"size":0.926796555519104,"orthographic":false}