{"cameraMode":{"drawMode":0,"name":"Shaded","section":"Shading Mode"},"sceneLighting":false,"audioPlay":false,"sceneViewState":{"showFog":true,"showMaterialUpdate":false,"showSkybox":false,"showFlares":true,"showImageEffects":true,"showParticleSystems":true},"in2DMode":false,"pivot":{"x":-0.7642116546630859,"y":-0.1693764179944992,"z":-1.4025269746780396},"rotation":{"x":-0.025447821244597436,"y":0.9544253349304199,"z":-0.08527766168117523,"w":-0.28493157029151919},"size":1.9537014961242676,"orthographic":false}