{"cameraMode":{"drawMode":0,"name":"Shaded","section":"Shading Mode"},"sceneLighting":false,"audioPlay":false,"sceneViewState":{"showFog":true,"showMaterialUpdate":false,"showSkybox":false,"showFlares":true,"showImageEffects":true,"showParticleSystems":true},"in2DMode":false,"pivot":{"x":-0.000041171908378601074,"y":0.17335587739944459,"z":0.06985560059547425},"rotation":{"x":-0.3105214238166809,"y":-0.39017200469970705,"z":0.1417691856622696,"w":-0.8552767038345337},"size":0.7011149525642395,"orthographic":false}