{"cameraMode":{"drawMode":0,"name":"Shaded","section":"Shading Mode"},"sceneLighting":false,"audioPlay":false,"sceneViewState":{"showFog":true,"showMaterialUpdate":false,"showSkybox":false,"showFlares":true,"showImageEffects":true,"showParticleSystems":true},"in2DMode":false,"pivot":{"x":-0.0010339021682739258,"y":-0.001738429069519043,"z":-0.019716769456863405},"rotation":{"x":-0.08924108743667603,"y":-0.4649948179721832,"z":0.04716796055436134,"w":-0.8795595169067383},"size":1.9384461641311646,"orthographic":false}