{"cameraMode":{"drawMode":0,"name":"Shaded","section":"Shading Mode"},"sceneLighting":true,"audioPlay":false,"sceneViewState":{"showFog":true,"showMaterialUpdate":false,"showSkybox":true,"showFlares":true,"showImageEffects":true,"showParticleSystems":true},"in2DMode":false,"pivot":{"x":1.895115613937378,"y":-0.6809067130088806,"z":-1.3413052558898926},"rotation":{"x":0.03074067085981369,"y":0.9644559025764465,"z":-0.12954111397266389,"w":0.22906027734279633},"size":2.3852181434631349,"orthographic":false}